<dolfin nsmap="{'dolfin': 'https://fenicsproject.org/'}">
  <mesh celltype="tetrahedron" dim="3">
    <vertices size="124">
      <vertex index="0" x="0.0" y="152.399994" z="203.199997" />
      <vertex index="1" x="0.0" y="0.0" z="203.199997" />
      <vertex index="2" x="195.384615" y="0.0" z="203.199997" />
      <vertex index="3" x="390.769231" y="0.0" z="203.199997" />
      <vertex index="4" x="586.153846" y="0.0" z="203.199997" />
      <vertex index="5" x="781.538462" y="0.0" z="203.199997" />
      <vertex index="6" x="976.923077" y="0.0" z="203.199997" />
      <vertex index="7" x="1172.307692" y="0.0" z="203.199997" />
      <vertex index="8" x="1367.692308" y="0.0" z="203.199997" />
      <vertex index="9" x="1563.076923" y="0.0" z="203.199997" />
      <vertex index="10" x="1758.461538" y="0.0" z="203.199997" />
      <vertex index="11" x="1953.846154" y="0.0" z="203.199997" />
      <vertex index="12" x="2149.230769" y="0.0" z="203.199997" />
      <vertex index="13" x="2344.615385" y="0.0" z="203.199997" />
      <vertex index="14" x="2540.0" y="0.0" z="203.199997" />
      <vertex index="15" x="2735.384615" y="0.0" z="203.199997" />
      <vertex index="16" x="2930.769231" y="0.0" z="203.199997" />
      <vertex index="17" x="3126.153846" y="0.0" z="203.199997" />
      <vertex index="18" x="3321.538462" y="0.0" z="203.199997" />
      <vertex index="19" x="3516.923077" y="0.0" z="203.199997" />
      <vertex index="20" x="3712.307692" y="0.0" z="203.199997" />
      <vertex index="21" x="3907.692308" y="0.0" z="203.199997" />
      <vertex index="22" x="4103.076923" y="0.0" z="203.199997" />
      <vertex index="23" x="4298.461538" y="0.0" z="203.199997" />
      <vertex index="24" x="4493.846154" y="0.0" z="203.199997" />
      <vertex index="25" x="4689.230769" y="0.0" z="203.199997" />
      <vertex index="26" x="4884.615385" y="0.0" z="203.199997" />
      <vertex index="27" x="5080.0" y="0.0" z="203.199997" />
      <vertex index="28" x="5080.0" y="152.399994" z="203.199997" />
      <vertex index="29" x="4884.615385" y="152.399994" z="203.199997" />
      <vertex index="30" x="4689.230769" y="152.399994" z="203.199997" />
      <vertex index="31" x="4493.846154" y="152.399994" z="203.199997" />
      <vertex index="32" x="4298.461538" y="152.399994" z="203.199997" />
      <vertex index="33" x="4103.076923" y="152.399994" z="203.199997" />
      <vertex index="34" x="3907.692308" y="152.399994" z="203.199997" />
      <vertex index="35" x="3712.307692" y="152.399994" z="203.199997" />
      <vertex index="36" x="3516.923077" y="152.399994" z="203.199997" />
      <vertex index="37" x="3321.538462" y="152.399994" z="203.199997" />
      <vertex index="38" x="3126.153846" y="152.399994" z="203.199997" />
      <vertex index="39" x="2930.769231" y="152.399994" z="203.199997" />
      <vertex index="40" x="2735.384615" y="152.399994" z="203.199997" />
      <vertex index="41" x="2540.0" y="152.399994" z="203.199997" />
      <vertex index="42" x="2344.615385" y="152.399994" z="203.199997" />
      <vertex index="43" x="2149.230769" y="152.399994" z="203.199997" />
      <vertex index="44" x="1953.846154" y="152.399994" z="203.199997" />
      <vertex index="45" x="1758.461538" y="152.399994" z="203.199997" />
      <vertex index="46" x="1563.076923" y="152.399994" z="203.199997" />
      <vertex index="47" x="1367.692308" y="152.399994" z="203.199997" />
      <vertex index="48" x="1172.307692" y="152.399994" z="203.199997" />
      <vertex index="49" x="976.923077" y="152.399994" z="203.199997" />
      <vertex index="50" x="781.538462" y="152.399994" z="203.199997" />
      <vertex index="51" x="586.153846" y="152.399994" z="203.199997" />
      <vertex index="52" x="390.769231" y="152.399994" z="203.199997" />
      <vertex index="53" x="195.384615" y="152.399994" z="203.199997" />
      <vertex index="54" x="0.0" y="152.399994" z="0.0" />
      <vertex index="55" x="0.0" y="152.399994" z="101.599998" />
      <vertex index="56" x="5080.0" y="152.399994" z="101.599998" />
      <vertex index="57" x="5080.0" y="152.399994" z="0.0" />
      <vertex index="58" x="4884.615385" y="152.399994" z="0.0" />
      <vertex index="59" x="4689.230769" y="152.399994" z="0.0" />
      <vertex index="60" x="4493.846154" y="152.399994" z="0.0" />
      <vertex index="61" x="4298.461538" y="152.399994" z="0.0" />
      <vertex index="62" x="4103.076923" y="152.399994" z="0.0" />
      <vertex index="63" x="3907.692308" y="152.399994" z="0.0" />
      <vertex index="64" x="3712.307692" y="152.399994" z="0.0" />
      <vertex index="65" x="3516.923077" y="152.399994" z="0.0" />
      <vertex index="66" x="3321.538462" y="152.399994" z="0.0" />
      <vertex index="67" x="3126.153846" y="152.399994" z="0.0" />
      <vertex index="68" x="2930.769231" y="152.399994" z="0.0" />
      <vertex index="69" x="2735.384615" y="152.399994" z="0.0" />
      <vertex index="70" x="2540.0" y="152.399994" z="0.0" />
      <vertex index="71" x="2344.615385" y="152.399994" z="0.0" />
      <vertex index="72" x="2149.230769" y="152.399994" z="0.0" />
      <vertex index="73" x="1953.846154" y="152.399994" z="0.0" />
      <vertex index="74" x="1758.461538" y="152.399994" z="0.0" />
      <vertex index="75" x="1563.076923" y="152.399994" z="0.0" />
      <vertex index="76" x="1367.692308" y="152.399994" z="0.0" />
      <vertex index="77" x="1172.307692" y="152.399994" z="0.0" />
      <vertex index="78" x="976.923077" y="152.399994" z="0.0" />
      <vertex index="79" x="781.538462" y="152.399994" z="0.0" />
      <vertex index="80" x="586.153846" y="152.399994" z="0.0" />
      <vertex index="81" x="390.769231" y="152.399994" z="0.0" />
      <vertex index="82" x="195.384615" y="152.399994" z="0.0" />
      <vertex index="83" x="0.0" y="0.0" z="0.0" />
      <vertex index="84" x="5080.0" y="0.0" z="0.0" />
      <vertex index="85" x="4884.615385" y="0.0" z="0.0" />
      <vertex index="86" x="4689.230769" y="0.0" z="0.0" />
      <vertex index="87" x="4493.846154" y="0.0" z="0.0" />
      <vertex index="88" x="4298.461538" y="0.0" z="0.0" />
      <vertex index="89" x="4103.076923" y="0.0" z="0.0" />
      <vertex index="90" x="3907.692308" y="0.0" z="0.0" />
      <vertex index="91" x="3712.307692" y="0.0" z="0.0" />
      <vertex index="92" x="3516.923077" y="0.0" z="0.0" />
      <vertex index="93" x="3321.538462" y="0.0" z="0.0" />
      <vertex index="94" x="3126.153846" y="0.0" z="0.0" />
      <vertex index="95" x="2930.769231" y="0.0" z="0.0" />
      <vertex index="96" x="2735.384615" y="0.0" z="0.0" />
      <vertex index="97" x="2540.0" y="0.0" z="0.0" />
      <vertex index="98" x="2344.615385" y="0.0" z="0.0" />
      <vertex index="99" x="2149.230769" y="0.0" z="0.0" />
      <vertex index="100" x="1953.846154" y="0.0" z="0.0" />
      <vertex index="101" x="1758.461538" y="0.0" z="0.0" />
      <vertex index="102" x="1563.076923" y="0.0" z="0.0" />
      <vertex index="103" x="1367.692308" y="0.0" z="0.0" />
      <vertex index="104" x="1172.307692" y="0.0" z="0.0" />
      <vertex index="105" x="976.923077" y="0.0" z="0.0" />
      <vertex index="106" x="781.538462" y="0.0" z="0.0" />
      <vertex index="107" x="586.153846" y="0.0" z="0.0" />
      <vertex index="108" x="390.769231" y="0.0" z="0.0" />
      <vertex index="109" x="195.384615" y="0.0" z="0.0" />
      <vertex index="110" x="0.0" y="0.0" z="101.599998" />
      <vertex index="111" x="5080.0" y="0.0" z="101.599998" />
      <vertex index="112" x="293.076924" y="76.199998" z="101.599998" />
      <vertex index="113" x="683.846154" y="76.199997" z="101.599998" />
      <vertex index="114" x="1074.615385" y="76.199997" z="101.6" />
      <vertex index="115" x="1465.384615" y="76.199997" z="101.6" />
      <vertex index="116" x="1856.153846" y="76.199997" z="101.6" />
      <vertex index="117" x="2246.923077" y="76.199997" z="101.6" />
      <vertex index="118" x="2637.692308" y="76.199997" z="101.6" />
      <vertex index="119" x="3028.461538" y="76.199997" z="101.6" />
      <vertex index="120" x="3419.230769" y="76.199997" z="101.6" />
      <vertex index="121" x="3810.0" y="76.199997" z="101.6" />
      <vertex index="122" x="4200.769231" y="76.199997" z="101.6" />
      <vertex index="123" x="4591.538462" y="76.199997" z="101.6" />
    </vertices>
    <cells size="234">
      <tetrahedron index="0" v0="83" v1="55" v2="54" v3="82" />
      <tetrahedron index="1" v0="105" v1="5" v2="106" v3="50" />
      <tetrahedron index="2" v0="27" v1="58" v2="28" v3="26" />
      <tetrahedron index="3" v0="85" v1="84" v2="111" v3="58" />
      <tetrahedron index="4" v0="2" v1="53" v2="0" v3="109" />
      <tetrahedron index="5" v0="53" v1="82" v2="0" v3="109" />
      <tetrahedron index="6" v0="1" v1="110" v2="109" v3="55" />
      <tetrahedron index="7" v0="2" v1="1" v2="109" v3="0" />
      <tetrahedron index="8" v0="52" v1="2" v2="3" v3="112" />
      <tetrahedron index="9" v0="52" v1="53" v2="2" v3="112" />
      <tetrahedron index="10" v0="27" v1="58" v2="111" v3="28" />
      <tetrahedron index="11" v0="108" v1="107" v2="3" v3="80" />
      <tetrahedron index="12" v0="3" v1="107" v2="4" v3="80" />
      <tetrahedron index="13" v0="27" v1="58" v2="85" v3="111" />
      <tetrahedron index="14" v0="4" v1="52" v2="3" v3="80" />
      <tetrahedron index="15" v0="4" v1="80" v2="107" v3="113" />
      <tetrahedron index="16" v0="106" v1="80" v2="113" v3="107" />
      <tetrahedron index="17" v0="50" v1="4" v2="5" v3="113" />
      <tetrahedron index="18" v0="50" v1="51" v2="4" v3="113" />
      <tetrahedron index="19" v0="51" v1="52" v2="4" v3="80" />
      <tetrahedron index="20" v0="50" v1="5" v2="106" v3="113" />
      <tetrahedron index="21" v0="6" v1="50" v2="5" v3="105" />
      <tetrahedron index="22" v0="27" v1="58" v2="26" v3="85" />
      <tetrahedron index="23" v0="112" v1="52" v2="81" v3="3" />
      <tetrahedron index="24" v0="104" v1="48" v2="114" v3="77" />
      <tetrahedron index="25" v0="105" v1="7" v2="6" v3="114" />
      <tetrahedron index="26" v0="105" v1="104" v2="7" v3="114" />
      <tetrahedron index="27" v0="95" v1="40" v2="16" v3="15" />
      <tetrahedron index="28" v0="92" v1="36" v2="120" v3="65" />
      <tetrahedron index="29" v0="112" v1="81" v2="52" v3="82" />
      <tetrahedron index="30" v0="104" v1="48" v2="7" v3="114" />
      <tetrahedron index="31" v0="104" v1="48" v2="103" v3="7" />
      <tetrahedron index="32" v0="103" v1="9" v2="8" v3="115" />
      <tetrahedron index="33" v0="103" v1="102" v2="9" v3="115" />
      <tetrahedron index="34" v0="104" v1="48" v2="77" v3="103" />
      <tetrahedron index="35" v0="92" v1="36" v2="19" v3="120" />
      <tetrahedron index="36" v0="109" v1="3" v2="2" v3="112" />
      <tetrahedron index="37" v0="49" v1="105" v2="114" v3="78" />
      <tetrahedron index="38" v0="112" v1="81" v2="108" v3="3" />
      <tetrahedron index="39" v0="101" v1="11" v2="10" v3="116" />
      <tetrahedron index="40" v0="101" v1="100" v2="11" v3="116" />
      <tetrahedron index="41" v0="49" v1="105" v2="6" v3="114" />
      <tetrahedron index="42" v0="49" v1="105" v2="50" v3="6" />
      <tetrahedron index="43" v0="92" v1="36" v2="91" v3="19" />
      <tetrahedron index="44" v0="95" v1="40" v2="69" v3="68" />
      <tetrahedron index="45" v0="112" v1="108" v2="81" v3="82" />
      <tetrahedron index="46" v0="92" v1="36" v2="65" v3="91" />
      <tetrahedron index="47" v0="99" v1="13" v2="12" v3="117" />
      <tetrahedron index="48" v0="99" v1="98" v2="13" v3="117" />
      <tetrahedron index="49" v0="49" v1="105" v2="78" v3="50" />
      <tetrahedron index="50" v0="40" v1="96" v2="15" v3="95" />
      <tetrahedron index="51" v0="40" v1="96" v2="118" v3="15" />
      <tetrahedron index="52" v0="99" v1="44" v2="12" v3="11" />
      <tetrahedron index="53" v0="112" v1="108" v2="109" v3="3" />
      <tetrahedron index="54" v0="40" v1="96" v2="69" v3="118" />
      <tetrahedron index="55" v0="116" v1="45" v2="74" v3="73" />
      <tetrahedron index="56" v0="116" v1="45" v2="44" v3="10" />
      <tetrahedron index="57" v0="97" v1="15" v2="14" v3="118" />
      <tetrahedron index="58" v0="97" v1="96" v2="15" v3="118" />
      <tetrahedron index="59" v0="40" v1="96" v2="95" v3="69" />
      <tetrahedron index="60" v0="99" v1="44" v2="73" v3="72" />
      <tetrahedron index="61" v0="112" v1="109" v2="108" v3="82" />
      <tetrahedron index="62" v0="98" v1="42" v2="117" v3="71" />
      <tetrahedron index="63" v0="116" v1="44" v2="45" v3="73" />
      <tetrahedron index="64" v0="95" v1="17" v2="16" v3="119" />
      <tetrahedron index="65" v0="95" v1="94" v2="17" v3="119" />
      <tetrahedron index="66" v0="116" v1="44" v2="11" v3="10" />
      <tetrahedron index="67" v0="98" v1="42" v2="13" v3="117" />
      <tetrahedron index="68" v0="98" v1="42" v2="97" v3="13" />
      <tetrahedron index="69" v0="89" v1="34" v2="22" v3="21" />
      <tetrahedron index="70" v0="98" v1="42" v2="71" v3="97" />
      <tetrahedron index="71" v0="93" v1="19" v2="18" v3="120" />
      <tetrahedron index="72" v0="93" v1="92" v2="19" v3="120" />
      <tetrahedron index="73" v0="102" v1="46" v2="115" v3="75" />
      <tetrahedron index="74" v0="121" v1="35" v2="64" v3="63" />
      <tetrahedron index="75" v0="102" v1="46" v2="9" v3="115" />
      <tetrahedron index="76" v0="89" v1="34" v2="63" v3="62" />
      <tetrahedron index="77" v0="114" v1="49" v2="78" v3="77" />
      <tetrahedron index="78" v0="102" v1="46" v2="101" v3="9" />
      <tetrahedron index="79" v0="91" v1="21" v2="20" v3="121" />
      <tetrahedron index="80" v0="91" v1="90" v2="21" v3="121" />
      <tetrahedron index="81" v0="121" v1="35" v2="34" v3="20" />
      <tetrahedron index="82" v0="121" v1="34" v2="35" v3="63" />
      <tetrahedron index="83" v0="85" v1="30" v2="58" v3="26" />
      <tetrahedron index="84" v0="79" v1="50" v2="106" v3="113" />
      <tetrahedron index="85" v0="114" v1="49" v2="48" v3="6" />
      <tetrahedron index="86" v0="102" v1="46" v2="75" v3="101" />
      <tetrahedron index="87" v0="121" v1="34" v2="21" v3="20" />
      <tetrahedron index="88" v0="100" v1="44" v2="116" v3="73" />
      <tetrahedron index="89" v0="89" v1="23" v2="22" v3="122" />
      <tetrahedron index="90" v0="89" v1="88" v2="23" v3="122" />
      <tetrahedron index="91" v0="85" v1="30" v2="26" v3="25" />
      <tetrahedron index="92" v0="100" v1="44" v2="11" v3="116" />
      <tetrahedron index="93" v0="114" v1="48" v2="49" v3="77" />
      <tetrahedron index="94" v0="100" v1="44" v2="99" v3="11" />
      <tetrahedron index="95" v0="119" v1="39" v2="68" v3="67" />
      <tetrahedron index="96" v0="87" v1="25" v2="24" v3="123" />
      <tetrahedron index="97" v0="87" v1="86" v2="25" v3="123" />
      <tetrahedron index="98" v0="119" v1="39" v2="38" v3="16" />
      <tetrahedron index="99" v0="100" v1="44" v2="73" v3="99" />
      <tetrahedron index="100" v0="34" v1="90" v2="21" v3="89" />
      <tetrahedron index="101" v0="119" v1="38" v2="39" v3="67" />
      <tetrahedron index="102" v0="114" v1="48" v2="7" v3="6" />
      <tetrahedron index="103" v0="119" v1="38" v2="17" v3="16" />
      <tetrahedron index="104" v0="29" v1="26" v2="28" v3="58" />
      <tetrahedron index="105" v0="93" v1="38" v2="67" v3="66" />
      <tetrahedron index="106" v0="56" v1="58" v2="28" v3="111" />
      <tetrahedron index="107" v0="34" v1="90" v2="121" v3="21" />
      <tetrahedron index="108" v0="34" v1="90" v2="63" v3="121" />
      <tetrahedron index="109" v0="34" v1="90" v2="89" v3="63" />
      <tetrahedron index="110" v0="94" v1="38" v2="119" v3="67" />
      <tetrahedron index="111" v0="118" v1="41" v2="70" v3="69" />
      <tetrahedron index="112" v0="94" v1="38" v2="17" v3="119" />
      <tetrahedron index="113" v0="118" v1="41" v2="40" v3="14" />
      <tetrahedron index="114" v0="118" v1="40" v2="41" v3="69" />
      <tetrahedron index="115" v0="94" v1="38" v2="93" v3="17" />
      <tetrahedron index="116" v0="118" v1="40" v2="15" v3="14" />
      <tetrahedron index="117" v0="94" v1="38" v2="67" v3="93" />
      <tetrahedron index="118" v0="88" v1="32" v2="122" v3="61" />
      <tetrahedron index="119" v0="88" v1="32" v2="23" v3="122" />
      <tetrahedron index="120" v0="123" v1="31" v2="60" v3="59" />
      <tetrahedron index="121" v0="88" v1="32" v2="87" v3="23" />
      <tetrahedron index="122" v0="123" v1="31" v2="30" v3="24" />
      <tetrahedron index="123" v0="123" v1="30" v2="31" v3="59" />
      <tetrahedron index="124" v0="88" v1="32" v2="61" v3="87" />
      <tetrahedron index="125" v0="123" v1="30" v2="25" v3="24" />
      <tetrahedron index="126" v0="86" v1="30" v2="123" v3="59" />
      <tetrahedron index="127" v0="86" v1="30" v2="25" v3="123" />
      <tetrahedron index="128" v0="86" v1="30" v2="85" v3="25" />
      <tetrahedron index="129" v0="86" v1="30" v2="59" v3="85" />
      <tetrahedron index="130" v0="29" v1="26" v2="58" v3="30" />
      <tetrahedron index="131" v0="85" v1="30" v2="59" v3="58" />
      <tetrahedron index="132" v0="120" v1="37" v2="66" v3="65" />
      <tetrahedron index="133" v0="89" v1="33" v2="22" v3="34" />
      <tetrahedron index="134" v0="89" v1="33" v2="122" v3="22" />
      <tetrahedron index="135" v0="120" v1="37" v2="36" v3="18" />
      <tetrahedron index="136" v0="89" v1="33" v2="62" v3="122" />
      <tetrahedron index="137" v0="106" v1="105" v2="50" v3="79" />
      <tetrahedron index="138" v0="78" v1="79" v2="50" v3="105" />
      <tetrahedron index="139" v0="80" v1="51" v2="79" v3="113" />
      <tetrahedron index="140" v0="51" v1="50" v2="79" v3="113" />
      <tetrahedron index="141" v0="82" v1="53" v2="52" v3="112" />
      <tetrahedron index="142" v0="80" v1="81" v2="52" v3="3" />
      <tetrahedron index="143" v0="93" v1="38" v2="18" v3="17" />
      <tetrahedron index="144" v0="83" v1="110" v2="55" v3="109" />
      <tetrahedron index="145" v0="57" v1="58" v2="56" v3="111" />
      <tetrahedron index="146" v0="84" v1="58" v2="57" v3="111" />
      <tetrahedron index="147" v0="89" v1="33" v2="34" v3="62" />
      <tetrahedron index="148" v0="86" v1="60" v2="59" v3="123" />
      <tetrahedron index="149" v0="86" v1="87" v2="60" v3="123" />
      <tetrahedron index="150" v0="101" v1="46" v2="75" v3="74" />
      <tetrahedron index="151" v0="88" v1="62" v2="61" v3="122" />
      <tetrahedron index="152" v0="88" v1="89" v2="62" v3="122" />
      <tetrahedron index="153" v0="31" v1="87" v2="24" v3="123" />
      <tetrahedron index="154" v0="90" v1="64" v2="63" v3="121" />
      <tetrahedron index="155" v0="90" v1="91" v2="64" v3="121" />
      <tetrahedron index="156" v0="101" v1="46" v2="10" v3="9" />
      <tetrahedron index="157" v0="92" v1="66" v2="65" v3="120" />
      <tetrahedron index="158" v0="92" v1="93" v2="66" v3="120" />
      <tetrahedron index="159" v0="31" v1="87" v2="32" v3="24" />
      <tetrahedron index="160" v0="94" v1="68" v2="67" v3="119" />
      <tetrahedron index="161" v0="94" v1="95" v2="68" v3="119" />
      <tetrahedron index="162" v0="87" v1="32" v2="61" v3="60" />
      <tetrahedron index="163" v0="96" v1="70" v2="69" v3="118" />
      <tetrahedron index="164" v0="96" v1="97" v2="70" v3="118" />
      <tetrahedron index="165" v0="31" v1="87" v2="60" v3="32" />
      <tetrahedron index="166" v0="98" v1="72" v2="71" v3="117" />
      <tetrahedron index="167" v0="98" v1="99" v2="72" v3="117" />
      <tetrahedron index="168" v0="87" v1="32" v2="24" v3="23" />
      <tetrahedron index="169" v0="100" v1="74" v2="73" v3="116" />
      <tetrahedron index="170" v0="100" v1="101" v2="74" v3="116" />
      <tetrahedron index="171" v0="31" v1="87" v2="123" v3="60" />
      <tetrahedron index="172" v0="102" v1="76" v2="75" v3="115" />
      <tetrahedron index="173" v0="102" v1="103" v2="76" v3="115" />
      <tetrahedron index="174" v0="97" v1="42" v2="71" v3="70" />
      <tetrahedron index="175" v0="104" v1="78" v2="77" v3="114" />
      <tetrahedron index="176" v0="104" v1="105" v2="78" v3="114" />
      <tetrahedron index="177" v0="106" v1="80" v2="79" v3="113" />
      <tetrahedron index="178" v0="107" v1="106" v2="5" v3="113" />
      <tetrahedron index="179" v0="108" v1="81" v2="80" v3="3" />
      <tetrahedron index="180" v0="109" v1="83" v2="82" v3="55" />
      <tetrahedron index="181" v0="2" v1="53" v2="109" v3="112" />
      <tetrahedron index="182" v0="82" v1="0" v2="109" v3="55" />
      <tetrahedron index="183" v0="53" v1="82" v2="109" v3="112" />
      <tetrahedron index="184" v0="55" v1="109" v2="1" v3="0" />
      <tetrahedron index="185" v0="5" v1="4" v2="107" v3="113" />
      <tetrahedron index="186" v0="80" v1="4" v2="51" v3="113" />
      <tetrahedron index="187" v0="120" v1="36" v2="37" v3="65" />
      <tetrahedron index="188" v0="120" v1="36" v2="19" v3="18" />
      <tetrahedron index="189" v0="41" v1="97" v2="14" v3="118" />
      <tetrahedron index="190" v0="97" v1="42" v2="14" v3="13" />
      <tetrahedron index="191" v0="41" v1="97" v2="42" v3="14" />
      <tetrahedron index="192" v0="41" v1="97" v2="70" v3="42" />
      <tetrahedron index="193" v0="41" v1="97" v2="118" v3="70" />
      <tetrahedron index="194" v0="95" v1="39" v2="16" v3="40" />
      <tetrahedron index="195" v0="95" v1="39" v2="119" v3="16" />
      <tetrahedron index="196" v0="95" v1="39" v2="68" v3="119" />
      <tetrahedron index="197" v0="95" v1="39" v2="40" v3="68" />
      <tetrahedron index="198" v0="99" v1="43" v2="12" v3="44" />
      <tetrahedron index="199" v0="117" v1="43" v2="72" v3="71" />
      <tetrahedron index="200" v0="103" v1="48" v2="77" v3="76" />
      <tetrahedron index="201" v0="99" v1="43" v2="117" v3="12" />
      <tetrahedron index="202" v0="99" v1="43" v2="72" v3="117" />
      <tetrahedron index="203" v0="91" v1="36" v2="20" v3="19" />
      <tetrahedron index="204" v0="117" v1="43" v2="42" v3="12" />
      <tetrahedron index="205" v0="117" v1="42" v2="43" v3="71" />
      <tetrahedron index="206" v0="99" v1="43" v2="44" v3="72" />
      <tetrahedron index="207" v0="37" v1="93" v2="120" v3="66" />
      <tetrahedron index="208" v0="117" v1="42" v2="13" v3="12" />
      <tetrahedron index="209" v0="37" v1="93" v2="18" v3="120" />
      <tetrahedron index="210" v0="103" v1="48" v2="8" v3="7" />
      <tetrahedron index="211" v0="37" v1="93" v2="38" v3="18" />
      <tetrahedron index="212" v0="37" v1="93" v2="66" v3="38" />
      <tetrahedron index="213" v0="45" v1="101" v2="10" v3="116" />
      <tetrahedron index="214" v0="45" v1="101" v2="46" v3="10" />
      <tetrahedron index="215" v0="45" v1="101" v2="74" v3="46" />
      <tetrahedron index="216" v0="45" v1="101" v2="116" v3="74" />
      <tetrahedron index="217" v0="47" v1="103" v2="115" v3="76" />
      <tetrahedron index="218" v0="47" v1="103" v2="8" v3="115" />
      <tetrahedron index="219" v0="122" v1="33" v2="62" v3="61" />
      <tetrahedron index="220" v0="91" v1="36" v2="65" v3="64" />
      <tetrahedron index="221" v0="47" v1="103" v2="48" v3="8" />
      <tetrahedron index="222" v0="47" v1="103" v2="76" v3="48" />
      <tetrahedron index="223" v0="35" v1="91" v2="20" v3="121" />
      <tetrahedron index="224" v0="122" v1="33" v2="32" v3="22" />
      <tetrahedron index="225" v0="35" v1="91" v2="36" v3="20" />
      <tetrahedron index="226" v0="115" v1="46" v2="9" v3="8" />
      <tetrahedron index="227" v0="115" v1="46" v2="47" v3="75" />
      <tetrahedron index="228" v0="115" v1="47" v2="46" v3="8" />
      <tetrahedron index="229" v0="115" v1="47" v2="76" v3="75" />
      <tetrahedron index="230" v0="35" v1="91" v2="64" v3="36" />
      <tetrahedron index="231" v0="35" v1="91" v2="121" v3="64" />
      <tetrahedron index="232" v0="122" v1="32" v2="23" v3="22" />
      <tetrahedron index="233" v0="122" v1="32" v2="33" v3="61" />
    </cells>
  </mesh>
</dolfin>