<dolfin nsmap="{'dolfin': 'https://fenicsproject.org/'}">
  <mesh celltype="tetrahedron" dim="3">
    <vertices size="56">
      <vertex index="0" x="0.0" y="152.399994" z="203.199997" />
      <vertex index="1" x="0.0" y="0.0" z="203.199997" />
      <vertex index="2" x="303.402693" y="0.0" z="203.199997" />
      <vertex index="3" x="700.170926" y="0.0" z="203.199997" />
      <vertex index="4" x="1098.337206" y="0.0" z="203.199997" />
      <vertex index="5" x="1496.503485" y="0.0" z="203.199997" />
      <vertex index="6" x="1894.669765" y="0.0" z="203.199997" />
      <vertex index="7" x="2292.836044" y="0.0" z="203.199997" />
      <vertex index="8" x="2691.002324" y="0.0" z="203.199997" />
      <vertex index="9" x="3089.168603" y="0.0" z="203.199997" />
      <vertex index="10" x="3487.334882" y="0.0" z="203.199997" />
      <vertex index="11" x="3885.501162" y="0.0" z="203.199997" />
      <vertex index="12" x="4283.667441" y="0.0" z="203.199997" />
      <vertex index="13" x="4681.833721" y="0.0" z="203.199997" />
      <vertex index="14" x="5080.0" y="0.0" z="203.199997" />
      <vertex index="15" x="5080.0" y="152.399994" z="203.199997" />
      <vertex index="16" x="4729.914537" y="152.399994" z="203.199997" />
      <vertex index="17" x="4331.748257" y="152.399994" z="203.199997" />
      <vertex index="18" x="3933.581978" y="152.399994" z="203.199997" />
      <vertex index="19" x="3535.415699" y="152.399994" z="203.199997" />
      <vertex index="20" x="3137.249419" y="152.399994" z="203.199997" />
      <vertex index="21" x="2739.08314" y="152.399994" z="203.199997" />
      <vertex index="22" x="2340.91686" y="152.399994" z="203.199997" />
      <vertex index="23" x="1942.750581" y="152.399994" z="203.199997" />
      <vertex index="24" x="1544.584301" y="152.399994" z="203.199997" />
      <vertex index="25" x="1146.418022" y="152.399994" z="203.199997" />
      <vertex index="26" x="748.251743" y="152.399994" z="203.199997" />
      <vertex index="27" x="350.085463" y="152.399994" z="203.199997" />
      <vertex index="28" x="0.0" y="152.399994" z="0.0" />
      <vertex index="29" x="5080.0" y="152.399994" z="0.0" />
      <vertex index="30" x="4729.914537" y="152.399994" z="0.0" />
      <vertex index="31" x="4331.748257" y="152.399994" z="0.0" />
      <vertex index="32" x="3933.581978" y="152.399994" z="0.0" />
      <vertex index="33" x="3535.415699" y="152.399994" z="0.0" />
      <vertex index="34" x="3137.249419" y="152.399994" z="0.0" />
      <vertex index="35" x="2739.08314" y="152.399994" z="0.0" />
      <vertex index="36" x="2340.91686" y="152.399994" z="0.0" />
      <vertex index="37" x="1942.750581" y="152.399994" z="0.0" />
      <vertex index="38" x="1544.584301" y="152.399994" z="0.0" />
      <vertex index="39" x="1146.418022" y="152.399994" z="0.0" />
      <vertex index="40" x="748.251743" y="152.399994" z="0.0" />
      <vertex index="41" x="350.085463" y="152.399994" z="0.0" />
      <vertex index="42" x="0.0" y="0.0" z="0.0" />
      <vertex index="43" x="5080.0" y="0.0" z="0.0" />
      <vertex index="44" x="4729.914537" y="0.0" z="0.0" />
      <vertex index="45" x="4331.748257" y="0.0" z="0.0" />
      <vertex index="46" x="3933.581978" y="0.0" z="0.0" />
      <vertex index="47" x="3535.415699" y="0.0" z="0.0" />
      <vertex index="48" x="3137.249419" y="0.0" z="0.0" />
      <vertex index="49" x="2739.08314" y="0.0" z="0.0" />
      <vertex index="50" x="2340.91686" y="0.0" z="0.0" />
      <vertex index="51" x="1942.750581" y="0.0" z="0.0" />
      <vertex index="52" x="1544.584301" y="0.0" z="0.0" />
      <vertex index="53" x="1146.418022" y="0.0" z="0.0" />
      <vertex index="54" x="748.251743" y="0.0" z="0.0" />
      <vertex index="55" x="350.085463" y="0.0" z="0.0" />
    </vertices>
    <cells size="79">
      <tetrahedron index="0" v0="18" v1="31" v2="12" v3="17" />
      <tetrahedron index="1" v0="18" v1="11" v2="32" v3="19" />
      <tetrahedron index="2" v0="18" v1="31" v2="32" v3="12" />
      <tetrahedron index="3" v0="30" v1="43" v2="44" v3="16" />
      <tetrahedron index="4" v0="25" v1="53" v2="4" v3="5" />
      <tetrahedron index="5" v0="12" v1="31" v2="32" v3="45" />
      <tetrahedron index="6" v0="1" v1="28" v2="42" v3="2" />
      <tetrahedron index="7" v0="10" v1="11" v2="33" v3="47" />
      <tetrahedron index="8" v0="21" v1="34" v2="9" v3="20" />
      <tetrahedron index="9" v0="5" v1="38" v2="6" v3="24" />
      <tetrahedron index="10" v0="21" v1="34" v2="35" v3="9" />
      <tetrahedron index="11" v0="54" v1="40" v2="53" v3="4" />
      <tetrahedron index="12" v0="14" v1="43" v2="16" v3="44" />
      <tetrahedron index="13" v0="6" v1="37" v2="7" v3="23" />
      <tetrahedron index="14" v0="15" v1="43" v2="16" v3="14" />
      <tetrahedron index="15" v0="7" v1="37" v2="6" v3="51" />
      <tetrahedron index="16" v0="9" v1="34" v2="35" v3="48" />
      <tetrahedron index="17" v0="42" v1="41" v2="55" v3="2" />
      <tetrahedron index="18" v0="25" v1="53" v2="40" v3="4" />
      <tetrahedron index="19" v0="36" v1="8" v2="22" v3="35" />
      <tetrahedron index="20" v0="34" v1="48" v2="10" v3="47" />
      <tetrahedron index="21" v0="51" v1="37" v2="50" v3="7" />
      <tetrahedron index="22" v0="11" v1="32" v2="12" v3="18" />
      <tetrahedron index="23" v0="23" v1="36" v2="37" v3="7" />
      <tetrahedron index="24" v0="27" v1="28" v2="2" v3="41" />
      <tetrahedron index="25" v0="13" v1="31" v2="12" v3="45" />
      <tetrahedron index="26" v0="4" v1="40" v2="3" v3="54" />
      <tetrahedron index="27" v0="6" v1="38" v2="5" v3="52" />
      <tetrahedron index="28" v0="11" v1="33" v2="32" v3="19" />
      <tetrahedron index="29" v0="8" v1="35" v2="9" v3="21" />
      <tetrahedron index="30" v0="15" v1="43" v2="29" v3="16" />
      <tetrahedron index="31" v0="13" v1="30" v2="44" v3="16" />
      <tetrahedron index="32" v0="49" v1="36" v2="8" v3="50" />
      <tetrahedron index="33" v0="41" v1="3" v2="2" v3="27" />
      <tetrahedron index="34" v0="2" v1="3" v2="41" v3="55" />
      <tetrahedron index="35" v0="40" v1="27" v2="3" v3="41" />
      <tetrahedron index="36" v0="25" v1="53" v2="39" v3="40" />
      <tetrahedron index="37" v0="33" v1="34" v2="10" v3="47" />
      <tetrahedron index="38" v0="30" v1="17" v2="13" v3="31" />
      <tetrahedron index="39" v0="9" v1="35" v2="8" v3="49" />
      <tetrahedron index="40" v0="8" v1="21" v2="22" v3="35" />
      <tetrahedron index="41" v0="8" v1="7" v2="36" v3="22" />
      <tetrahedron index="42" v0="52" v1="39" v2="5" v3="53" />
      <tetrahedron index="43" v0="12" v1="32" v2="11" v3="46" />
      <tetrahedron index="44" v0="25" v1="53" v2="5" v3="39" />
      <tetrahedron index="45" v0="46" v1="33" v2="32" v3="11" />
      <tetrahedron index="46" v0="46" v1="12" v2="32" v3="45" />
      <tetrahedron index="47" v0="30" v1="17" v2="16" v3="13" />
      <tetrahedron index="48" v0="20" v1="33" v2="34" v3="10" />
      <tetrahedron index="49" v0="40" v1="27" v2="26" v3="3" />
      <tetrahedron index="50" v0="36" v1="7" v2="8" v3="50" />
      <tetrahedron index="51" v0="49" v1="9" v2="35" v3="48" />
      <tetrahedron index="52" v0="40" v1="26" v2="25" v3="4" />
      <tetrahedron index="53" v0="55" v1="40" v2="3" v3="41" />
      <tetrahedron index="54" v0="1" v1="28" v2="2" v3="0" />
      <tetrahedron index="55" v0="5" v1="39" v2="38" v3="25" />
      <tetrahedron index="56" v0="49" v1="36" v2="35" v3="8" />
      <tetrahedron index="57" v0="46" v1="33" v2="11" v3="47" />
      <tetrahedron index="58" v0="24" v1="5" v2="38" v3="25" />
      <tetrahedron index="59" v0="27" v1="28" v2="0" v3="2" />
      <tetrahedron index="60" v0="52" v1="37" v2="6" v3="38" />
      <tetrahedron index="61" v0="37" v1="24" v2="6" v3="38" />
      <tetrahedron index="62" v0="30" v1="31" v2="13" v3="44" />
      <tetrahedron index="63" v0="52" v1="37" v2="51" v3="6" />
      <tetrahedron index="64" v0="31" v1="45" v2="13" v3="44" />
      <tetrahedron index="65" v0="33" v1="11" v2="10" v3="19" />
      <tetrahedron index="66" v0="55" v1="40" v2="54" v3="3" />
      <tetrahedron index="67" v0="14" v1="13" v2="44" v3="16" />
      <tetrahedron index="68" v0="42" v1="41" v2="2" v3="28" />
      <tetrahedron index="69" v0="37" v1="36" v2="50" v3="7" />
      <tetrahedron index="70" v0="23" v1="36" v2="7" v3="22" />
      <tetrahedron index="71" v0="30" v1="43" v2="16" v3="29" />
      <tetrahedron index="72" v0="34" v1="10" v2="9" v3="20" />
      <tetrahedron index="73" v0="3" v1="40" v2="4" v3="26" />
      <tetrahedron index="74" v0="52" v1="39" v2="38" v3="5" />
      <tetrahedron index="75" v0="20" v1="33" v2="10" v3="19" />
      <tetrahedron index="76" v0="37" v1="24" v2="23" v3="6" />
      <tetrahedron index="77" v0="9" v1="10" v2="34" v3="48" />
      <tetrahedron index="78" v0="12" v1="31" v2="13" v3="17" />
    </cells>
  </mesh>
</dolfin>